ID,TargetF1,TargetRAUC
ID_005ED879,1,0.5553914050530259
ID_006DCA07,1,0.5125682933486885
ID_00A5C192,1,0.9391872062583935
ID_00C07212,0,0.4763436326946558
ID_010986EF,1,0.8416597972611092
ID_013744F3,1,0.6883709829745965
ID_0167AD33,1,0.919579401254347
ID_01930656,0,0.22227811037233436
ID_019770DF,1,0.954313668182822
ID_01EE4352,1,0.5539028251604298
ID_0256959F,1,0.5381995701203028
ID_027D1FF2,0,0.4138075015301392
ID_0299D0E8,1,0.9499383372956933
ID_02D51717,1,0.6994905450865143
ID_02E167CB,1,0.9405583064944452
ID_032EDDF5,1,0.5271690456397347
ID_03E2D383,1,0.9300913773054271
ID_044494D0,1,0.5865181863852719
ID_04B8CE61,0,0.4704136400583195
ID_04DD0D77,1,0.6289105508538062
ID_04E5F26F,1,0.9549717652943216
ID_04F500FF,0,0.4602012047333839
ID_051CB1D1,1,0.9478796749170324
ID_0562A431,0,0.4391739947772243
ID_056ADE94,0,0.42580208899435357
ID_0580C84E,1,0.6059225388910667
ID_05CC5051,1,0.9153459698203315
ID_0676190A,1,0.777509559287422
ID_0686654B,0,0.4602988119673155
ID_072F6799,1,0.9178604149759129
ID_076A5F43,0,0.42329832373452303
ID_0772B55B,0,0.4417834103229105
ID_07D37772,1,0.5821715419382286
ID_086BF3D6,1,0.6030371072855836
ID_08DABC1A,1,0.7342528425639927
ID_091374DA,1,0.9156530770706921
ID_099199E9,0,0.2891555157870337
ID_09C6FE91,1,0.9165355461579268
ID_09CC6075,0,0.38914654871858145
ID_09CE5707,1,0.9332270207199762
ID_0A870699,1,0.9219723634257644
ID_0A971289,1,0.914712326738016
ID_0BA591EF,0,0.3839463985426925
ID_0BB3B2EB,1,0.8677034134019059
ID_0C58A90D,1,0.93826553722935
ID_0CE994FA,1,0.9361777191554181
ID_0CF208A1,0,0.4605229390824658
ID_0D076EF3,0,0.40259633741552125
ID_0D93CC80,1,0.8951260493456836
ID_0DA0353F,1,0.9127659440958781
ID_0E02825D,1,0.7070437304504387
ID_0E1B50C7,1,0.9526458417391632
ID_0E2726F9,0,0.20117706688956605
ID_0E971FAE,0,0.32318657293563935
ID_0F39F307,0,0.3248355309051506
ID_0FB18B11,1,0.9482554270385142
ID_0FCFA51D,0,0.29102529305798014
ID_1021C45E,0,0.48817142016360826
ID_10686B68,0,0.2788063646268464
ID_109BC4B4,1,0.9487279568601021
ID_1154F4ED,0,0.3126022394557677
ID_11DC963B,1,0.9484015191287898
ID_123A6C18,1,0.9525159359944293
ID_1275E770,1,0.9528705113002105
ID_12E68B57,0,0.30115868077165175
ID_131B2628,1,0.7960723783317045
ID_131E28BE,0,0.492972297039961
ID_134EC5DE,1,0.5455344462604195
ID_1361BD75,0,0.3530991194565637
ID_136D179F,0,0.4639581886290489
ID_13763A0A,1,0.9076351753684632
ID_13B39D72,0,0.2612030149710452
ID_13B4C990,0,0.4855247338785354
ID_13E3897A,1,0.6787134103588015
ID_144620C3,0,0.22793421785106927
ID_14555504,1,0.8727734681334498
ID_14816EA6,0,0.40537372342479555
ID_1505E510,1,0.6624928848581487
ID_1525DC3E,1,0.8755899592052896
ID_15396813,0,0.3194915605504815
ID_153F5F06,1,0.570130351593831
ID_15486BB9,1,0.8615887741684193
ID_1564B9F5,1,0.6389921031815351
ID_15900459,1,0.9116106570796864
ID_15DCC4A1,1,0.7334293836231272
ID_16485879,1,0.9161908359769984
ID_1654D304,1,0.9136789717519762
ID_167CF914,0,0.33479318440011546
ID_1690A21F,0,0.33890092818478534
ID_16A018CB,1,0.8455337835045285
ID_1731B0E1,1,0.772873955850336
ID_1746BF7E,1,0.9328162685121146
ID_177D2958,0,0.34186599810898
ID_178E6372,1,0.5123005943934429
ID_17D6C3FF,0,0.46236186367297893
ID_1870213C,1,0.5275191382764125
ID_1877818E,0,0.4599729147747226
ID_1880C4DA,0,0.3813068866127685
ID_18B398CF,1,0.8955286877637272
ID_193B5730,1,0.5576608189325413
ID_1963EFB3,0,0.4259986205507877
ID_199BF069,1,0.6228844373663287
ID_1A16618C,0,0.3457759273049862
ID_1AA72786,0,0.4410189815139252
ID_1ACDD97F,1,0.9189936081279233
ID_1B2D8DA3,1,0.9136747101510967
ID_1B6F3B46,1,0.8757010545754926
ID_1C24DA16,1,0.9132884919980173
ID_1C8C238A,1,0.9284582790629312
ID_1C941F23,1,0.9423370466858116
ID_1C986462,1,0.9302275664317133
ID_1CCA366E,1,0.6317095773189869
ID_1D00052B,1,0.9309283385941763
ID_1D19FEA3,0,0.4471057259773376
ID_1D341F7C,1,0.9392789573654746
ID_1D677930,1,0.7034673138928295
ID_1DB32B9D,0,0.4879345924238321
ID_1DE98600,0,0.30847700996718413
ID_1DEE523A,0,0.2313349894929419
ID_1E192E61,1,0.5096184125581033
ID_1E3C23E7,1,0.8946290959743876
ID_1E498B57,0,0.3007644464346225
ID_1E95D879,1,0.9219628300247797
ID_1F0D149C,0,0.1859682389548668
ID_1F7E202E,1,0.9443845972555267
ID_200A3BC5,1,0.6417813267255326
ID_2045D210,1,0.8951682496090851
ID_213771F2,0,0.39361060547107046
ID_217B5C98,1,0.6948374860100385
ID_21E01D6F,0,0.3051976457696848
ID_222270DC,1,0.9473191348018641
ID_226E739C,1,0.5314284967886693
ID_229F1917,1,0.9344364164262333
ID_22BFF34D,1,0.9078997157915827
ID_22C205EB,1,0.9032389904816763
ID_22D77532,0,0.4347565450434776
ID_22D9DBCB,0,0.28086082136084617
ID_2319E085,1,0.9421006822355309
ID_2321FB97,1,0.9055362220754468
ID_2361B215,1,0.8574556508258933
ID_23875176,1,0.9227200591967587
ID_23C954B8,1,0.6218408870016163
ID_24772B21,0,0.31239515587449046
ID_2553FC19,1,0.8203147102529192
ID_257F4327,1,0.9268168724013726
ID_25AE799B,0,0.16766891175196066
ID_25F697A3,1,0.8552142737067923
ID_26D068A6,1,0.9212680667239017
ID_26F5D73F,0,0.4625837009998556
ID_27318359,1,0.9332837954273576
ID_2755AA0D,1,0.5930323116030571
ID_27D6A018,0,0.26088685966558073
ID_27EAF684,1,0.5192721877373156
ID_285B477A,1,0.9137647146235186
ID_2874319C,1,0.5415105180597755
ID_2892CFC2,1,0.753048207794611
ID_28DBEBF9,0,0.3051528754969509
ID_28FC36FB,0,0.33795449292191687
ID_2942441F,1,0.9466491156988406
ID_2966F18D,1,0.7335869741671559
ID_297F9520,0,0.35250568179761593
ID_2A383365,1,0.8791265312533718
ID_2A52C626,0,0.4098604491935655
ID_2A596B35,0,0.3018906471416552
ID_2AC9E359,1,0.9081667039547947
ID_2B9DF127,1,0.9457048924355009
ID_2BDC8AA4,1,0.8704699795859596
ID_2C0D9992,1,0.919620490026431
ID_2C3E9488,0,0.21357931376080044
ID_2C45D8AB,1,0.922960884498577
ID_2C6A24F5,0,0.23394534759325875
ID_2C9C0305,1,0.9177990916467967
ID_2C9E9B22,0,0.42501665588867465
ID_2CAB42BB,0,0.3956158870717737
ID_2D47B733,1,0.6390145702483885
ID_2E1B02E1,1,0.6397530860720528
ID_2E63E38C,0,0.29731193468933265
ID_2EC547B4,1,0.5735981970226298
ID_2EDED264,1,0.5774597277763693
ID_2F1547ED,0,0.2600196429054972
ID_2F4A5A96,0,0.49727419683349966
ID_2F705845,0,0.310866372325482
ID_2F932C81,1,0.900844560446904
ID_2FC523DC,1,0.8957960587453977
ID_2FD873B7,0,0.43532795207175345
ID_302B988D,1,0.5655856812771777
ID_302E21FD,1,0.9072714820487626
ID_303B4B7F,1,0.9155911248651736
ID_3085B625,1,0.9425668057032501
ID_30C55FE3,0,0.291857978472013
ID_319F9F11,1,0.6853475077196577
ID_31CAA276,1,0.8327948809365081
ID_3206C9FE,1,0.532869524292994
ID_32418073,1,0.920093722315648
ID_33082C3E,1,0.9426741433006488
ID_3376BE57,1,0.5995224963036718
ID_3377A8AB,1,0.9257463350646482
ID_339328A8,1,0.8229188527885932
ID_33E6AFA0,0,0.44941731490574777
ID_3422A1CA,1,0.5846241606285189
ID_343AF679,0,0.34544402960623044
ID_349450A8,1,0.5733718823954316
ID_35136830,1,0.9138484767391849
ID_356EBF60,1,0.9299045913365429
ID_35848939,0,0.4402786342336731
ID_35CECC9A,1,0.6664786874314294
ID_35E9CE90,0,0.28997865043718496
ID_363BF066,1,0.805720090615942
ID_36BA6093,1,0.6433703969533183
ID_36C7DD36,1,0.7491841545603413
ID_36C8AF99,1,0.8894682191100175
ID_37081CA2,1,0.8814754343129857
ID_371647D8,1,0.5552616709295239
ID_378362AC,1,0.6013791740148351
ID_37CDF050,0,0.2950244276173018
ID_37FEC45E,1,0.9474347852514069
ID_382F9997,1,0.9281486437638258
ID_38964A48,1,0.5846638266027749
ID_38EC8944,1,0.6206029851248589
ID_3918F407,1,0.9159635320479083
ID_392ED006,0,0.46836204205710313
ID_39FEA5BE,1,0.614418720795388
ID_3A26993B,0,0.4818784493121713
ID_3A4C3214,1,0.9502200847756257
ID_3A6CEA33,1,0.9199223935385477
ID_3ACA4301,1,0.9217320557329591
ID_3ADC768C,0,0.4344015269055615
ID_3B0EFBAB,0,0.44601681573155527
ID_3B5B271A,1,0.8830587055385684
ID_3BA5F88C,1,0.9027805922596727
ID_3BE6B468,1,0.9244549033265049
ID_3C0F4D77,1,0.8844362892887063
ID_3C31D099,1,0.9542606182249189
ID_3CFB1830,0,0.45694986642258134
ID_3CFCFF9A,1,0.9250523360029753
ID_3DAA458C,1,0.9051697617896228
ID_3DBE7E47,0,0.3511296436956684
ID_3DEE48F8,1,0.5079223022290009
ID_3E15F61C,1,0.6395651040982573
ID_3E3FD267,0,0.23901736472552118
ID_3EC4D865,1,0.6367186762484914
ID_3EC7D5AE,1,0.9197020158262115
ID_3EEFB9A3,1,0.9144307825504365
ID_3F138D6C,0,0.4190564055445613
ID_3F1E2CD8,1,0.9019238563352736
ID_3F2C77EB,0,0.250716235659129
ID_3F5AD800,0,0.38497701087407177
ID_3F61C60B,0,0.2707967148503945
ID_3F6E9CE1,0,0.46463934114911465
ID_3FA81345,1,0.640919130991472
ID_3FCC2A69,1,0.8581106127409418
ID_3FE2AD00,1,0.6080261298417472
ID_401F6ED7,1,0.938682881861977
ID_40A1C103,0,0.29353875302299876
ID_40E0E560,0,0.4328592308603036
ID_41919990,1,0.5940798384457329
ID_41F3F0DB,1,0.937917220440207
ID_41F626A9,1,0.5246039883530278
ID_42078A4F,1,0.8812361886203961
ID_42AD4C93,0,0.25816152634156886
ID_42C9E95A,1,0.9236010276383602
ID_42F42752,1,0.6208934181410649
ID_437ED2F1,1,0.6054009290531737
ID_439BAA21,0,0.24601311963877615
ID_44325939,1,0.6631671365146072
ID_44FA87BB,1,0.924452769901321
ID_45094378,1,0.8847831624774749
ID_451155EB,1,0.6665620180588697
ID_4588F2E5,1,0.905482457729613
ID_459CFCFF,1,0.5082278731710741
ID_4620C088,0,0.20292673288632207
ID_463ACCCC,0,0.44524237219572377
ID_46524AA7,0,0.49218857993172926
ID_465E85C8,1,0.593123260006176
ID_46928C1A,1,0.9151554906400519
ID_46ECC605,1,0.5496234740799888
ID_46F83BA8,0,0.4348486334508807
ID_471C11AC,1,0.929476560779467
ID_472E6965,1,0.5156011721040399
ID_4738ABDA,1,0.9307563401926389
ID_47DBCF7F,1,0.9301929492347407
ID_47F36258,1,0.8021054637622277
ID_486C0198,0,0.49891707863368384
ID_48710A33,0,0.38284011217536007
ID_48EDA830,1,0.7653833823765024
ID_4922E479,1,0.6674218429350993
ID_49686BE8,1,0.942234865330601
ID_49882C60,0,0.4308076073557105
ID_498C39A9,1,0.8920817906825508
ID_49927622,0,0.45866493313319867
ID_49D7DA98,0,0.3641480391527551
ID_49EE564D,0,0.2782464890023101
ID_4A540B83,1,0.8664491247774482
ID_4AF83B98,0,0.21957573587444154
ID_4B0D8A92,1,0.5912351916632621
ID_4B2DB0F9,0,0.4091737952885598
ID_4B3075F5,1,0.9479318999279058
ID_4B36C7FA,1,0.8861300383387697
ID_4B6C020F,1,0.9121541835067362
ID_4B87620A,0,0.37235099231457175
ID_4C672D7E,1,0.5843434165201561
ID_4CFAC288,0,0.44335828617473005
ID_4D0BE9CE,0,0.37221429173204973
ID_4D357587,1,0.5106110338729674
ID_4DA54BA7,0,0.4766585133648291
ID_4DF41587,1,0.7385923108655909
ID_4DF5742A,1,0.8487472275517993
ID_4E257780,0,0.38896360205465197
ID_4E786A09,0,0.30756884212939506
ID_4E899BF0,1,0.5347132130680543
ID_4E93276E,1,0.6402596501202251
ID_4FC64B34,1,0.9358747439466378
ID_4FD92E7F,1,0.8675608051279337
ID_4FF46045,1,0.66115197441843
ID_5032173B,1,0.7900677581688407
ID_5033C878,1,0.9280221126500576
ID_5062503C,1,0.8863683302505629
ID_5079E721,1,0.7216961737369667
ID_5091E3FA,1,0.6232983641488637
ID_50B18C66,0,0.3752318566485252
ID_50DE2099,0,0.48917615513063434
ID_50E3E2AE,1,0.690004405261639
ID_50FFD280,1,0.9134455627144467
ID_5188D2A4,1,0.9391151363587071
ID_51E638D8,1,0.8998578710811649
ID_51F0EEF9,1,0.9039870572101706
ID_528E3E1F,0,0.325823916615995
ID_52B36550,1,0.6869239033859958
ID_52C8952F,1,0.631869987951971
ID_52DEE93A,1,0.532164179609892
ID_52E765DB,1,0.9201543335981819
ID_52FBB47E,0,0.4563908707043329
ID_532A51AC,1,0.5880331269578681
ID_532CCEE8,1,0.9502514272984954
ID_536A6DBC,1,0.9296129638029269
ID_5388DDBA,1,0.8853576756273954
ID_540A7CD2,1,0.904791200566677
ID_544FBFA3,1,0.8778538932282798
ID_54B881C5,1,0.9254152076101627
ID_54C88E9E,0,0.46426194083292704
ID_5537F205,1,0.5599348419297902
ID_5567010E,1,0.9433823138474002
ID_563DBABA,1,0.9345305708826473
ID_569A1AC9,1,0.8888342726958671
ID_56BD98C0,0,0.20544029174085632
ID_56C774E2,1,0.9353619036444084
ID_56D6B46F,1,0.9293500150362832
ID_56E935BA,1,0.7437158579941386
ID_5725278D,1,0.6927606951361974
ID_57727844,0,0.42031690546427486
ID_578F79E1,0,0.46068445221688564
ID_57C6B9E3,1,0.5830361214966597
ID_585EE8A5,1,0.6031110184440239
ID_58F1C5F5,1,0.861865816266502
ID_5A135691,0,0.44163554233420776
ID_5A2EA94E,1,0.8367558664992873
ID_5AAD02C3,1,0.9136386301662882
ID_5AC55F7F,1,0.9131950917751344
ID_5AD2BD30,1,0.7806169861178407
ID_5B04ACA0,1,0.9137088239602833
ID_5B3B35D8,1,0.9403379099248904
ID_5BAACDFE,1,0.9109462222368585
ID_5BB483C7,1,0.9244566679625617
ID_5BCEC81D,1,0.907022851847419
ID_5BFDAF55,0,0.276265563671679
ID_5C28F7B4,1,0.9202975561167128
ID_5C7FBC6B,1,0.7647408268829292
ID_5D204076,1,0.854586609128007
ID_5D247138,1,0.9257206688996092
ID_5D3867EB,1,0.8937015896860938
ID_5E476866,1,0.8982897306032629
ID_5E77E448,1,0.5368987787932046
ID_5EA52FD4,1,0.9270732816501128
ID_5EB384E7,0,0.28015234240066894
ID_5EB875B2,1,0.8152674872831676
ID_5ED91935,1,0.8091727180320472
ID_5F4441FC,1,0.5679232701638384
ID_5F839CA2,1,0.9155578991056005
ID_5F993DC3,1,0.9240500793216564
ID_5FBD00D7,0,0.48430762011833206
ID_5FCD1EA3,0,0.40323214592597145
ID_609394D9,0,0.3372688060243509
ID_614EEDC9,1,0.9214813065221541
ID_618B9562,1,0.9221708437160254
ID_61AAA409,1,0.9371448850379597
ID_61CC884E,0,0.2785700954661138
ID_6212C6A0,0,0.49799796305143795
ID_622D8A31,1,0.9156954311777765
ID_62D6E61B,1,0.9455460184235035
ID_63788172,0,0.39958815960200644
ID_637D9E73,1,0.6082784005274883
ID_6390D5E3,1,0.5027273758575963
ID_63F6942D,0,0.3624829764685934
ID_641E6DFE,1,0.6933992163449191
ID_64691B48,0,0.2908097709620822
ID_646D617F,0,0.43794035144268817
ID_64EF7896,0,0.35129455491691597
ID_65400720,1,0.6252265683592321
ID_6584C399,1,0.9343305579792187
ID_65E962DA,1,0.9388575206309007
ID_6650ABA4,1,0.8990313856221629
ID_667AEDE0,1,0.5036177170759535
ID_675FC7FA,1,0.9296468726708303
ID_68029D80,1,0.9498990000262317
ID_682474AC,1,0.9041823421121681
ID_689E3F3C,1,0.9045928235659455
ID_6926B74B,1,0.940602305484959
ID_69B133D7,0,0.3108917903982369
ID_69E42528,1,0.6031348148186996
ID_6A63EA8F,0,0.4920235842130841
ID_6A693FA9,0,0.2117192539304767
ID_6AAEAE8D,1,0.9464801752541016
ID_6B5C208F,0,0.37278451116529365
ID_6C598A9B,0,0.3726852198423742
ID_6C79B80E,0,0.40448180498525055
ID_6D221F3F,0,0.38005592191313375
ID_6D313E5B,1,0.9183331688649519
ID_6D6AD6DD,0,0.3228502273772057
ID_6D8EA30A,1,0.9170346398112332
ID_6DD0764E,1,0.5920169578417857
ID_6DD27B4F,1,0.9221465922604877
ID_6DF23A45,0,0.3808479028039373
ID_6E2E13F5,1,0.5833705508521219
ID_6E5C17E5,1,0.9240146006237047
ID_6EDEA907,1,0.6941186427201651
ID_6EE69B0D,1,0.5237364737760776
ID_6EF127B9,1,0.5894384402232422
ID_6FDB0FE5,1,0.9357319187566535
ID_6FECC7E5,1,0.5992521972368448
ID_701AC83D,1,0.5752519928484894
ID_707C2916,1,0.9050870389873411
ID_70A6F678,1,0.6615996867813201
ID_70C24D73,0,0.46487566132425323
ID_70F36923,0,0.32044782321944887
ID_71064EC1,1,0.911931625750869
ID_7126CFA9,1,0.9164576515739682
ID_713D4B6F,1,0.9546619255335099
ID_716754D3,1,0.924614076615907
ID_7192AC47,0,0.4556215652973207
ID_719B8D99,0,0.42685032139381707
ID_71B160EE,1,0.693938726272262
ID_720785CB,1,0.8419582608115487
ID_724491A7,0,0.4174452189324543
ID_7287BC35,1,0.6788898025611968
ID_72A59036,0,0.39153887601634396
ID_72B016C7,0,0.2214084265285205
ID_73252921,1,0.6107671478229072
ID_7377A417,1,0.588832014247911
ID_737BBF10,0,0.44492046906191757
ID_7395017A,1,0.6889773795887181
ID_73BD9B55,0,0.4849118167363757
ID_73CAE2AE,1,0.8629079562289934
ID_7441A196,0,0.22183127266607464
ID_74C6C94E,0,0.42058566182786733
ID_74EADF28,1,0.9351640693314935
ID_74EC6B97,1,0.5461945833737258
ID_754FBABE,1,0.9315718764887353
ID_75CD9AED,1,0.5513894381173766
ID_761512B5,0,0.2961297718482109
ID_7623AA39,0,0.16251839676865376
ID_76479068,1,0.667805505784126
ID_76953BF3,1,0.6606533985564309
ID_76A60DA1,0,0.22041581401549573
ID_76BABA2F,1,0.9161754141365415
ID_771470D7,1,0.8221918786559751
ID_773026A8,0,0.41974424658423787
ID_7784F392,1,0.6678432489256144
ID_77AD88EC,1,0.924187916150256
ID_77C92125,1,0.9205536654525242
ID_782478AF,1,0.7398305498946468
ID_7834C270,1,0.8994215006179449
ID_78523CE4,1,0.9264031381955606
ID_786C9CA9,0,0.4874768868338634
ID_791C412A,1,0.9221183788300416
ID_79378933,0,0.4865409175079724
ID_794D8957,1,0.9467050628059337
ID_79652E47,0,0.3119947347798996
ID_79856E17,1,0.6317963468082486
ID_7A1B5366,1,0.9224465602001173
ID_7A33DEB0,0,0.3972727463813963
ID_7A38355E,1,0.8863643872374212
ID_7AE3CAC6,1,0.9394838943870891
ID_7B1F877F,1,0.6244521227120949
ID_7B1FF645,1,0.9320630755534158
ID_7B345817,1,0.5584843230772666
ID_7B9B4263,1,0.7668588520854241
ID_7C2091B9,0,0.2331386900922955
ID_7C5BF1F8,1,0.5282320668312495
ID_7CFBC22D,1,0.9262895014084997
ID_7D020A3E,1,0.9303158711572654
ID_7D5813AC,1,0.7804188620475628
ID_7DEFA08D,1,0.9422547462337709
ID_7E02C17F,1,0.8957150952304795
ID_7E71F6C6,0,0.4960473477873286
ID_7E9F2BAA,0,0.473159380005413
ID_7EB7C52F,0,0.4483000730749547
ID_7F075023,1,0.8107217460447476
ID_7F302EC2,1,0.9043803467232326
ID_7F3812BB,1,0.8102869863349226
ID_7F5CD946,0,0.47937210040561096
ID_7F734618,0,0.24310371252407637
ID_7FA74CD1,1,0.937061248588022
ID_7FAC693D,1,0.9164306308476737
ID_7FBEF275,1,0.8888144710906545
ID_7FCD47D2,1,0.9289972748452708
ID_7FF7F248,1,0.6093430362524965
ID_8002205A,1,0.7570717232329909
ID_80F99E06,0,0.4865592705891768
ID_810F9EF0,0,0.4899303093206166
ID_813F55CD,0,0.19846043659065393
ID_814BFE2A,1,0.6210029838013174
ID_81632C01,0,0.34843397736534754
ID_81A71445,1,0.8877766172437305
ID_81E96BF3,0,0.35384200709050284
ID_81F29313,0,0.4742236091772927
ID_825BF98C,1,0.8997969935739432
ID_8287C57C,1,0.6934936319848568
ID_82B23887,1,0.9245694093246005
ID_82DEF492,1,0.6262026226589493
ID_82EBD610,1,0.5259936483229111
ID_8333AF2A,1,0.9375924274149728
ID_83892D2F,1,0.5058312368555758
ID_83DE95DB,0,0.4647536017164468
ID_840B6CE1,1,0.9072829285048198
ID_84316E57,1,0.9353539296625111
ID_84481A28,1,0.94367399114529
ID_8454A209,0,0.24467033399988392
ID_846D8421,1,0.9070212538859905
ID_84A6A866,1,0.5155874735482348
ID_84CD0003,1,0.9095344655406367
ID_8570E515,0,0.469655907136483
ID_85B6A3C2,1,0.5247390452812017
ID_85B6C676,1,0.5008148141002619
ID_85FA5EED,1,0.5224425661761953
ID_86247DBC,1,0.5622238822617103
ID_86385DE9,0,0.30703913278882433
ID_866D32E0,0,0.18222497921826075
ID_86823F0B,0,0.3300373774036655
ID_86FD2E5E,1,0.6381741796312725
ID_87280DBC,1,0.9539525024301915
ID_874FD745,1,0.7575727817045991
ID_877F9101,1,0.9418038157576327
ID_88085FD6,1,0.6431238336684628
ID_882B591B,1,0.9186134066700529
ID_884EA7F1,1,0.765293495357705
ID_88CAE640,0,0.3984415006966313
ID_88E7F564,1,0.9144949774022993
ID_88FA7808,1,0.6695203730756636
ID_88FBD9FE,1,0.9013772872864223
ID_88FCF4B6,1,0.9271156100303195
ID_89069D96,0,0.35873250767291265
ID_890F1B88,1,0.5957630137270168
ID_8911C6F3,1,0.5464085462859927
ID_89282CE8,1,0.6586999528148116
ID_8947AF2C,1,0.9128948056120599
ID_8987366A,0,0.2805093846122004
ID_89E21611,1,0.6550618227828979
ID_8A1BB4B5,1,0.8553597797103416
ID_8A80F1B6,1,0.8487434334764556
ID_8AEFEADB,1,0.9363585508807727
ID_8B0BBB9A,1,0.6232298495522178
ID_8B0FD419,0,0.385930936863435
ID_8B47DDFF,1,0.6638330786694688
ID_8BA9045C,1,0.9070584163633186
ID_8BCEDF1C,1,0.5886902642162969
ID_8BDC07EF,1,0.6242086764400206
ID_8BEFF27C,1,0.9326467610641197
ID_8C7E82F8,1,0.8125237467261373
ID_8CA9541B,1,0.6011712073474922
ID_8D5815FA,1,0.5033492049826214
ID_8D84F4BA,1,0.9203866614290153
ID_8D8F789D,1,0.8909946446603252
ID_8DF883D2,0,0.3751380830650277
ID_8DF97D0F,1,0.946921859859233
ID_8E1CFC61,1,0.8641203814412983
ID_8E75754A,1,0.7142629508326563
ID_8F1B3020,0,0.39277283973185784
ID_8F219D52,1,0.6584390004088041
ID_8F61D00C,1,0.5562727431666441
ID_8F7535A8,1,0.9539299115278603
ID_8F82CE3F,1,0.5288915675236141
ID_8FA74192,1,0.6294885744232781
ID_8FA929D9,1,0.932452282591138
ID_8FB9365C,1,0.5975532454128334
ID_9024FD7B,1,0.9136229519726435
ID_90C6A3D0,1,0.9040886528862728
ID_90DB7797,1,0.861573548898284
ID_90EA271F,1,0.9302895668770811
ID_911AD860,0,0.42818682635023964
ID_91980D61,0,0.3961041437319357
ID_919A1A44,1,0.683438920189067
ID_91A23E88,1,0.9007018545542216
ID_91EF5C97,0,0.34676731923472015
ID_92050DCB,1,0.5411436848891122
ID_921C784B,1,0.5519100421411991
ID_92412BFC,1,0.943435244281091
ID_9251B100,1,0.9241272141711206
ID_9293E58F,1,0.5609550318819774
ID_9315CAF0,1,0.8406087840035957
ID_931B5FE1,1,0.5529607636421118
ID_9342D705,1,0.9494761466099979
ID_936F5D06,1,0.6518190860922927
ID_93C780E9,1,0.9083873798476905
ID_941E8BDE,1,0.8868059343273775
ID_9435A135,1,0.816145639153251
ID_945A8A14,0,0.46352382767383216
ID_948A28A2,1,0.9351036059667961
ID_94B070D2,0,0.4260453225669955
ID_94CEB354,1,0.5494393949307157
ID_951DDB23,1,0.8842273249412429
ID_954CBC81,0,0.4009911807872081
ID_95A802BA,0,0.3379158731264048
ID_95C83AE3,1,0.552946245985117
ID_95F38480,0,0.3232480020236309
ID_96239BA8,1,0.8829418320094512
ID_962FAE12,1,0.6652314202300276
ID_96774B0A,0,0.3075685821992409
ID_968D52A6,0,0.4518631424555051
ID_97657485,1,0.5175412925576467
ID_97B1AD5B,0,0.34967148222058453
ID_97CF6588,1,0.940325744709922
ID_985AE903,0,0.4440505704390385
ID_9871A190,0,0.2933670210987972
ID_987CE5E3,0,0.4577932082174817
ID_98E829DD,0,0.46717624552207637
ID_990D7AA6,1,0.956427510996066
ID_99156C00,1,0.903246579831108
ID_9939F007,0,0.37409298564941273
ID_993EA802,0,0.47810271642456825
ID_99410CC9,1,0.8598931620775329
ID_996EAA66,1,0.9313419177871141
ID_9A01F83E,1,0.9330484574535847
ID_9A09C017,1,0.536807252457346
ID_9A30F0A1,1,0.6405364173655232
ID_9A43B5BC,1,0.901308892790576
ID_9A4B8C5D,1,0.9003365174750331
ID_9A614080,0,0.33840510476568286
ID_9A78E971,0,0.30715924975463743
ID_9ACC49DA,1,0.5121824000120752
ID_9ADBC631,0,0.29199120137168344
ID_9B37F983,1,0.8854610437522371
ID_9B7CB467,1,0.9507578131237322
ID_9C186D11,1,0.6236273207914403
ID_9C9B5558,1,0.9426430434024351
ID_9CAB28AC,1,0.8657749103506246
ID_9D362AC5,1,0.6088005215430836
ID_9D58A389,0,0.26450784366743824
ID_9D858406,0,0.4809968944421086
ID_9DFD825B,0,0.3509110898330959
ID_9E57007E,1,0.917166405206038
ID_9E7DBF53,0,0.4479461164216917
ID_9EC112E0,1,0.9418691780799593
ID_9EDB4157,0,0.4082221052307626
ID_9EEC3A93,1,0.933395681117956
ID_9EF6CCE1,1,0.5136686186041651
ID_9F0A3029,1,0.528531991167364
ID_9F378BBA,0,0.48103356214551873
ID_9F62E63D,0,0.20953201689668743
ID_9FA29A95,0,0.40834336069563115
ID_A0C3071F,1,0.8790317861619359
ID_A0D3A8EC,1,0.9510022645387524
ID_A10C2622,1,0.6753862268661964
ID_A1A026D9,0,0.25836130253773465
ID_A1A94174,1,0.7184557247469721
ID_A2486114,1,0.8992178079258178
ID_A2C7F38C,1,0.9271514521571254
ID_A2F2E5E6,0,0.3383462988024667
ID_A325DAA1,1,0.6490406500763916
ID_A3FBDDCC,1,0.6537282741154766
ID_A401EE14,1,0.8956262101730508
ID_A47C81B0,1,0.6772849726044331
ID_A4A2D7C7,1,0.8862610995885287
ID_A4A83A70,1,0.6012648860001375
ID_A53937E5,1,0.9204646275783646
ID_A571168B,1,0.9317786148389062
ID_A5B08786,1,0.8123234236445169
ID_A6652C52,1,0.6325975948366338
ID_A66A7B54,1,0.8928559833971184
ID_A684C083,1,0.9255942713983614
ID_A6AD2CBC,1,0.6861584815852328
ID_A6D702B7,1,0.9106198476334388
ID_A6E2BDB2,1,0.9253854882386335
ID_A72C1369,0,0.2581380339396738
ID_A74C59C8,0,0.472727767523919
ID_A77318D0,1,0.8447531232888691
ID_A791B2D6,0,0.4788941992856162
ID_A7CB9837,0,0.2897566318485963
ID_A8162D4B,1,0.6243109723237935
ID_A82A687F,0,0.29544104214875155
ID_A873FF56,1,0.9503243779381796
ID_A8D54989,0,0.31096938597736223
ID_A94E4ABD,1,0.6426121091912382
ID_A9C9D49D,0,0.39509366287358266
ID_A9E32FDF,1,0.6456943292816673
ID_AA649819,1,0.9159947238336918
ID_AA78D0D0,1,0.9280301398819404
ID_AAB574B6,1,0.9114511143013313
ID_AAB742CE,0,0.2828896421859237
ID_AAD80969,0,0.24411249478012148
ID_AAE6FAD1,1,0.9316657021139152
ID_AB569713,0,0.49807503812092324
ID_ABCD6735,1,0.566604555625357
ID_AC683379,1,0.8294681275527274
ID_ACB0BFAA,0,0.29065716351958515
ID_AD37D05E,1,0.9254109656420928
ID_AE1D5DDC,1,0.5638627542081405
ID_AE47F0F7,1,0.8048185053777742
ID_AE60B971,1,0.6003400906371412
ID_AECECAA4,1,0.7047992869682868
ID_AF0F2F12,0,0.3752597838483013
ID_AF250671,1,0.9362599402924903
ID_AF3466F9,1,0.5161629980101046
ID_AF48463A,1,0.6017931628370038
ID_AFB4934C,0,0.4981601532528799
ID_AFF92F3B,1,0.5280993287989892
ID_B00D5BE9,1,0.5801840530822955
ID_B03843C1,1,0.9234005271217736
ID_B05DFB77,1,0.9460573979740441
ID_B12865A6,0,0.37191461373691614
ID_B181CD3F,0,0.21758862133813606
ID_B1B3A6F0,1,0.7836088296310284
ID_B1B6D17D,1,0.5245357498023582
ID_B1BB9AEA,0,0.47785679588945096
ID_B1CF77F8,0,0.29532986737122513
ID_B2346D84,1,0.9378902624738329
ID_B2C93644,1,0.8838992441885967
ID_B2C94A50,1,0.5583134117022116
ID_B2DA3DCC,0,0.30601858795878656
ID_B2F4942A,0,0.39882894188829177
ID_B3062E82,0,0.18434793395909782
ID_B3605B4D,0,0.2958310536735974
ID_B366A33F,1,0.9423179928044627
ID_B3BE1FE9,1,0.5273481477143879
ID_B3D6AE03,1,0.9220411457833122
ID_B41984EB,1,0.5725868808780636
ID_B41C407F,1,0.5223809303465201
ID_B451EEA7,1,0.9187839500917754
ID_B49D4FD7,1,0.9440532792674297
ID_B4F9E365,1,0.9367321010449265
ID_B51D88FA,1,0.6483172317093898
ID_B53D5B90,1,0.8842605588995573
ID_B5A62F88,1,0.7508570533228577
ID_B5CD7941,1,0.9086743092518157
ID_B5DAA9EB,0,0.42395356597943906
ID_B5E06820,1,0.5511174364882183
ID_B617A0B2,1,0.9134775882219248
ID_B70DC075,1,0.9524771516078276
ID_B754479B,0,0.4731584552907704
ID_B774E80B,0,0.21618367929080345
ID_B799239D,1,0.8771535837210561
ID_B7A07307,0,0.4750970983355234
ID_B7A3CC04,0,0.42163959047595745
ID_B8111312,1,0.915295955835122
ID_B8346107,0,0.25131762011001635
ID_B841EDCE,1,0.6981148856333994
ID_B8433149,1,0.5508711646100236
ID_B853DFB5,0,0.18796297071034695
ID_B888E881,1,0.5644066428899234
ID_B8A06CE5,1,0.879853094502736
ID_B8FC1F2F,0,0.4145888253918779
ID_B922D5B3,1,0.6371843547015122
ID_B95E2884,0,0.3674089783848175
ID_B9B800E4,1,0.9529913911097501
ID_B9FFC8D8,0,0.49995746870045465
ID_BA5A8386,1,0.9273831187543649
ID_BA6C0C58,1,0.898747443864059
ID_BA75D1F6,0,0.4375495185496592
ID_BA99B0DF,0,0.3644079478030911
ID_BB01F488,0,0.3887957432434354
ID_BB944785,1,0.9266772235982065
ID_BBAAC453,0,0.43421801226944545
ID_BBCAFC5F,1,0.9065137629289692
ID_BBD58F09,1,0.8965885433630494
ID_BBF46F32,1,0.7420152291447435
ID_BBF62A0C,1,0.9082749254937321
ID_BDADE0D7,1,0.6861727701349665
ID_BE933B4B,1,0.9089250655531622
ID_BEDC9979,0,0.24478533880033448
ID_BEE12475,1,0.9452369505896098
ID_BF079D9B,0,0.4478000199446063
ID_BF308F64,0,0.463912493267884
ID_BF8D1B66,0,0.4529777507424265
ID_BF9E62F4,1,0.9215200908323085
ID_BFCFB4B3,1,0.9025030147529802
ID_BFE0234F,1,0.9011579377569993
ID_BFF5DE26,1,0.9306249169795612
ID_C04F966D,1,0.5422948990238148
ID_C055BEFC,1,0.7670737024685383
ID_C06834DA,0,0.42016720755648207
ID_C0A344A2,1,0.5530664620525672
ID_C0ABA923,0,0.24850070644636296
ID_C21041C9,1,0.9324501870554183
ID_C222079F,1,0.535476504839306
ID_C27F2A95,0,0.4370247328462973
ID_C304B191,0,0.33952740029824136
ID_C371D420,0,0.45771796960092914
ID_C42E904C,1,0.7063520638722097
ID_C491377E,0,0.2709034172722636
ID_C4FA9A63,0,0.42724781194889305
ID_C575D4C2,1,0.553092738557425
ID_C587EF64,1,0.5580339974004388
ID_C59E900F,0,0.4067328266505131
ID_C63D56D5,1,0.859230041646824
ID_C640170D,1,0.9431894271246294
ID_C644EA64,1,0.7902772044123813
ID_C65FCF01,0,0.28443658218390405
ID_C6D1DF0F,0,0.2651946105488826
ID_C6F9F1B4,1,0.6201058704862331
ID_C7CF54E8,1,0.7230066104406851
ID_C854A596,1,0.8583474395531214
ID_C88525D4,0,0.2847145060337654
ID_C8D6B3EE,0,0.46663145902378167
ID_C9349F29,1,0.6745793598602243
ID_C934BA5F,1,0.8820476790816106
ID_C9BE095C,0,0.46757852010569806
ID_C9E61B00,1,0.9167881992443694
ID_CA06AE89,0,0.32840463546412796
ID_CA874018,0,0.46236287210347593
ID_CAB0FF2A,0,0.23669020348306535
ID_CAC43CF7,1,0.7676459923687611
ID_CB26602E,1,0.5283317056170944
ID_CB5439AA,0,0.3400714619862959
ID_CB5F44E3,0,0.3398249281442089
ID_CB8C7FC0,1,0.9317222424437297
ID_CB8E4CF3,1,0.8485637435654746
ID_CBD940F9,1,0.9370890934404246
ID_CC3F86C7,0,0.44646648848395887
ID_CC5072C7,0,0.2589540451439926
ID_CCA8BDAB,1,0.9149270441255726
ID_CD27AC3C,1,0.9107096962959874
ID_CD783113,1,0.9492571768803684
ID_CD7A50F0,1,0.915010355575774
ID_CDA60986,0,0.1770289506716453
ID_CDADA7CA,0,0.31622364366008826
ID_CE63260A,0,0.3571990655823326
ID_CE98E9D2,1,0.9268009858225439
ID_CED509CF,1,0.9362634359147761
ID_CF2E8085,0,0.2896551947043852
ID_CF88F53D,1,0.8508296643151717
ID_CFE5920E,1,0.5929424296598216
ID_CFF6D4D0,0,0.47577288254143313
ID_D03EB2D5,1,0.6150637622668123
ID_D04A96CC,1,0.6244002810601335
ID_D0A99844,1,0.8928175245655774
ID_D0B4DE66,1,0.63958373633155
ID_D0FB9038,0,0.21520085462394772
ID_D12EA07C,0,0.4200452957561357
ID_D1479C87,1,0.6692897269356431
ID_D17A03A7,0,0.29655758904282736
ID_D1C04988,1,0.6761701806588529
ID_D2049886,1,0.5542345969150531
ID_D224B5BE,1,0.566220646230882
ID_D24ACDA6,1,0.9421849621941266
ID_D3540D0E,1,0.7267136664658125
ID_D35A3A4F,1,0.9160349084322916
ID_D35FCDC2,1,0.8304601168864528
ID_D38EE3ED,1,0.837707027698896
ID_D3CAE29D,1,0.6438427084670426
ID_D411550E,1,0.6215060757931057
ID_D416683A,1,0.5164185149951759
ID_D45A4EFA,0,0.44741666481337183
ID_D46ACFEB,0,0.22765617037009217
ID_D46D8868,1,0.6717540494629077
ID_D4F633DD,1,0.5496125193626733
ID_D4F9857F,1,0.5013412682457191
ID_D51839F8,1,0.5842729719115971
ID_D586D676,1,0.6493128272783091
ID_D6C7F336,1,0.8827379226049783
ID_D7816F53,0,0.42969897026951187
ID_D7E29E78,1,0.8393654222395583
ID_D84255BD,1,0.5768581340538671
ID_D851C917,1,0.6227615329517433
ID_D89E7EB1,1,0.683440016435533
ID_D89FA3F8,0,0.4137280007167687
ID_D9505F8B,1,0.6675666994177437
ID_D992BD42,0,0.2158306437291735
ID_DA038928,1,0.6037374750237585
ID_DA1C6468,1,0.6701652478761295
ID_DACBBD85,0,0.24926413380748197
ID_DB02126F,1,0.6605936531149916
ID_DB23A499,0,0.449802598076679
ID_DB7EA21E,0,0.44086026406944956
ID_DBC37E40,0,0.46897977723037754
ID_DBC768CB,1,0.5438354640410965
ID_DBED9C34,1,0.8855141809408387
ID_DC0FBDBA,0,0.3344105053782059
ID_DC87A899,0,0.25245648377146923
ID_DC8E3C88,1,0.9003142067446298
ID_DCD98292,1,0.6648377612653723
ID_DCEF8419,0,0.262201219259628
ID_DD58175D,0,0.46435543982456184
ID_DE3B27E2,1,0.5115848931607986
ID_DE436165,1,0.9270332412175915
ID_DE54B4C0,0,0.22010452410633372
ID_DE9EE061,1,0.9347190921796034
ID_DF32D72E,1,0.6270883884603761
ID_DFBD516A,1,0.6789114953124014
ID_DFEC4687,1,0.9518740918006927
ID_E005FD7B,1,0.5778299048924085
ID_E012245E,1,0.8916365368905392
ID_E09C36B0,0,0.4957425781537378
ID_E17E370A,1,0.8998603246680645
ID_E1AF8A93,1,0.9316257039968046
ID_E1F7EB72,0,0.4881950236534411
ID_E21149F8,1,0.9017401861475005
ID_E29DADEA,1,0.6508805860360333
ID_E2EB39B2,0,0.3165088366455351
ID_E2EE0B60,0,0.4184340542035653
ID_E2F592AB,0,0.29981506960593574
ID_E2FB9F7C,1,0.9135135257884118
ID_E308FE82,0,0.1898746125991146
ID_E312B5F1,0,0.33387128721542897
ID_E429B966,1,0.9183245702765646
ID_E46278DA,1,0.9314286237215288
ID_E52AD25B,1,0.5893124171575423
ID_E52BA1F9,0,0.4195846657180813
ID_E591B3CD,0,0.26989744368448293
ID_E608D60B,0,0.22784570151720296
ID_E61EC312,1,0.5683951419322568
ID_E6335ACF,1,0.914934729787406
ID_E6A88E0D,1,0.8911391884745199
ID_E6A9BFC0,0,0.29573897254063236
ID_E6B1C982,1,0.9245403613762013
ID_E6D9ABB0,1,0.9215276757358113
ID_E760D84B,0,0.41042410871390916
ID_E7C58C9F,1,0.6691409561185531
ID_E7DB224A,1,0.9430604851651776
ID_E8447477,1,0.9380153142526071
ID_E8E1FBD7,1,0.9126006447265771
ID_E8F4B53D,1,0.8283266489149614
ID_E906B3CB,1,0.9006017380947471
ID_E920C61F,1,0.9285548958881049
ID_E925B66F,0,0.28910474141670556
ID_E9456C2F,0,0.19827194589630448
ID_E94C9321,0,0.4880087869708396
ID_E987B903,0,0.47188419963578204
ID_E9985D15,1,0.5008063400963939
ID_E9B2D588,0,0.30749741435421946
ID_E9FB2EE0,0,0.40215789254647116
ID_EA33EC25,1,0.6706216895456676
ID_EA510978,1,0.934764539005559
ID_EA5BFDFC,0,0.40077759363721005
ID_EABB3781,0,0.4447799677924203
ID_EAF569D4,0,0.292820567720251
ID_EB18A321,0,0.24112650256697765
ID_EB1ED24C,1,0.9434154239391191
ID_EB1FA3B5,0,0.2540823318688665
ID_EB7B1BD7,1,0.9279218873416948
ID_EBCDB127,1,0.9126986417282372
ID_ECE8827F,1,0.92613660859297
ID_ECEF8B2C,0,0.48689348654846
ID_ECF4B640,0,0.48770070198146703
ID_ED18E367,0,0.47281420768849913
ID_EE3D2F76,1,0.9359332554948876
ID_EE74BE9C,0,0.43986331331312334
ID_EE841349,1,0.8883827035642483
ID_EEC09DEC,1,0.9355108727422204
ID_EEFE9B75,1,0.9048355963683352
ID_EF55E066,0,0.3953934363854822
ID_EFCB896F,1,0.5396904531850715
ID_EFE92331,1,0.8650531532631359
ID_F066081E,1,0.5879283806823344
ID_F0E81248,1,0.598751139284761
ID_F1090F03,1,0.9266614988489832
ID_F128076E,1,0.9420117343749081
ID_F1B7203B,0,0.34945834223416306
ID_F1BC780A,1,0.9471966759112784
ID_F1F95B68,1,0.6526727618596666
ID_F2090260,0,0.348022781233864
ID_F2135D0E,1,0.8437655772372319
ID_F21D2629,1,0.9224873881006017
ID_F248F158,1,0.8903827095610651
ID_F2CDE152,1,0.9149458574628538
ID_F3BDB14E,0,0.477578757455009
ID_F3C39475,1,0.5104583613961646
ID_F3D0FD01,1,0.9406773381189095
ID_F408FBA7,0,0.45997013541860454
ID_F41271B0,1,0.8762250329505716
ID_F41DBBC5,1,0.9437308593721158
ID_F43E568D,1,0.9440123446554396
ID_F47B39FB,1,0.5591986857107376
ID_F50E013F,1,0.8885199003089467
ID_F544D34A,0,0.3452568956809115
ID_F54AA6DE,1,0.920335531740284
ID_F54DC975,0,0.4072323425051442
ID_F570FEDB,1,0.6084747225933628
ID_F59245FC,1,0.9283629536632374
ID_F5C6DBD2,0,0.49755171800358966
ID_F5CCC3CE,0,0.46518192387154045
ID_F5E9FDA7,1,0.9431426027261649
ID_F614A63A,0,0.4697747657395408
ID_F637D491,1,0.5670230413505192
ID_F6AFCC99,1,0.9081474743682562
ID_F6CE2E6C,1,0.9112460442443352
ID_F6EA2C0C,1,0.9232582721731581
ID_F70D46BF,1,0.5715250304699995
ID_F7B32980,1,0.8789971619724234
ID_F7F14A13,1,0.9443702205721689
ID_F7FCC396,1,0.653785373244657
ID_F8009D80,1,0.7568702693272704
ID_F85084F1,1,0.6247104191890281
ID_F8CF01E9,1,0.9010113182935957
ID_F8E7705D,0,0.45522522936199616
ID_F8E7863F,1,0.522241935598928
ID_F938B1E1,1,0.5433933262158461
ID_F95A30AB,0,0.24745224641726823
ID_F9664879,1,0.8796409584912245
ID_F97320F6,1,0.9301733630798816
ID_FA11B039,0,0.3548240972455475
ID_FA196174,1,0.9314901766981412
ID_FA327E0E,1,0.6090118155224117
ID_FA606576,1,0.8746742672463843
ID_FA776E81,1,0.8062080025104954
ID_FAB43532,1,0.9326686355491978
ID_FAD9AB1A,0,0.38004733434227195
ID_FB341D39,1,0.8804680506315297
ID_FB39175E,1,0.5322831101143249
ID_FB3C08D5,0,0.44670301433110104
ID_FBA0B573,1,0.5430486337151155
ID_FBAA0AD5,1,0.5183745610829517
ID_FBEAD3BE,0,0.2685722519949022
ID_FC0EEFB3,1,0.6305134806901349
ID_FCC643CF,1,0.6442902151149381
ID_FD7104D3,0,0.2113710775067203
ID_FE0FF944,1,0.7679072301493777
ID_FE510473,1,0.8852096020571176
ID_FE70B6E0,0,0.40441177278949525
ID_FEFAA255,1,0.6741418164897656
ID_FF308DAB,1,0.6855215525313763
ID_FF8E2666,1,0.8855953153224912
